,train_acc,val_acc,train_loss,val_loss
0,0.7551652892561983,0.7545540201005025,1.0500174382958753,1.1166570576032002
1,0.7787603305785123,0.7473304020100503,0.881910511092616,1.0159192200501759
