,train_acc,val_acc,train_loss,val_loss
0,0.671875,0.024193548387096774,1.50978418191274,3186.017618815104
1,0.75,0.75,1.3594329555829365,213.52543131510416
